{
  "metadata": {
    "n_runs": 10,
    "timestamp": "2026-01-28T04:00:49.604716",
    "protocol": "v4.0",
    "notes": "10-run averaged, warmup+measure latency, plateau-verified training"
  },
  "comparative_results": [
    {
      "xgboost_mae": 3.0464535842211182,
      "xgboost_mae_std": 0.21586458148125698,
      "xgboost_dk": 15.895392815435915,
      "xgboost_adm": 99.66019417475728,
      "mlp_mae": 8.366440477376864,
      "mlp_mae_std": 0.39915206021534755,
      "mlp_dk": 13.485260009765625,
      "mlp_adm": 100.0,
      "gnn_mae": 9.484005302073081,
      "gnn_mae_std": 0.4123976488249977,
      "gnn_dk": 10.43144416809082,
      "gnn_adm": 99.70873786407768,
      "pinn_mae": 4.5628941015564415,
      "pinn_mae_std": 0.25636213030752825,
      "pinn_dk": 15.478340148925781,
      "pinn_adm": 99.85436893203884,
      "hpinn_mae": 8.333928853949494,
      "hpinn_mae_std": 0.5983813142730265,
      "hpinn_dk": 17.695472717285156,
      "hpinn_adm": 88.68932038834951,
      "physics_mae": 6.7144029855339795,
      "physics_mae_std": 0.31800135615730046,
      "physics_dk": 18.511001047303132,
      "physics_adm": 100.0,
      "agent_mae": 6.705792860111652,
      "agent_mae_std": 0.6773285413302728,
      "agent_dk": 18.225090939017008,
      "agent_adm": 100.0,
      "hybrid_mae": 2.9876928626277657,
      "hybrid_mae_std": 0.2705428880301996,
      "hybrid_dk": 16.06877580186298,
      "hybrid_adm": 100.0,
      "dataset": "D1"
    },
    {
      "xgboost_mae": 6.998278859615866,
      "xgboost_mae_std": 0.19869383986017705,
      "xgboost_dk": 9.656898481468126,
      "xgboost_adm": 98.51889683350359,
      "mlp_mae": 9.699429954980804,
      "mlp_mae_std": 2.9647690963158047,
      "mlp_dk": 5.660305023193359,
      "mlp_adm": 91.05209397344228,
      "gnn_mae": 8.941062594410834,
      "gnn_mae_std": 0.5174719831938853,
      "gnn_dk": 4.454571723937988,
      "gnn_adm": 99.94892747701738,
      "pinn_mae": 8.263847227527124,
      "pinn_mae_std": 0.38794464889249186,
      "pinn_dk": 7.210923194885254,
      "pinn_adm": 99.7344228804903,
      "hpinn_mae": 8.234287151913353,
      "hpinn_mae_std": 0.2817300359864929,
      "hpinn_dk": 7.092339515686035,
      "hpinn_adm": 99.94892747701736,
      "physics_mae": 8.444838001133808,
      "physics_mae_std": 0.23626408687617914,
      "physics_dk": 6.519614415597928,
      "physics_adm": 100.0,
      "agent_mae": 8.637525700581666,
      "agent_mae_std": 0.3301334062364608,
      "agent_dk": 6.889399403338382,
      "agent_adm": 100.0,
      "hybrid_mae": 6.99618570496431,
      "hybrid_mae_std": 0.21239534849620867,
      "hybrid_dk": 9.654500115307103,
      "hybrid_adm": 100.0,
      "dataset": "D2"
    },
    {
      "xgboost_mae": 6.523161276515528,
      "xgboost_mae_std": 0.3165508610875482,
      "xgboost_dk": 11.21531809493288,
      "xgboost_adm": 97.80575539568345,
      "mlp_mae": 9.927184921985049,
      "mlp_mae_std": 2.1394403509032096,
      "mlp_dk": 9.127429962158203,
      "mlp_adm": 91.90647482014388,
      "gnn_mae": 9.544913508209392,
      "gnn_mae_std": 0.783650701923018,
      "gnn_dk": 4.118844032287598,
      "gnn_adm": 99.8021582733813,
      "pinn_mae": 8.129548921557639,
      "pinn_mae_std": 0.3414412560351,
      "pinn_dk": 8.939637184143066,
      "pinn_adm": 98.65107913669064,
      "hpinn_mae": 8.075991801245607,
      "hpinn_mae_std": 0.44471609460139455,
      "hpinn_dk": 8.678030014038086,
      "hpinn_adm": 96.65467625899281,
      "physics_mae": 9.306726975359712,
      "physics_mae_std": 0.38463860429912067,
      "physics_dk": 7.897090232826204,
      "physics_adm": 100.0,
      "agent_mae": 9.31952172906475,
      "agent_mae_std": 0.5167383419710662,
      "agent_dk": 7.8712478285510645,
      "agent_adm": 100.0,
      "hybrid_mae": 6.514966985406071,
      "hybrid_mae_std": 0.3174069007579784,
      "hybrid_dk": 11.187342154478216,
      "hybrid_adm": 100.0,
      "dataset": "D3"
    },
    {
      "xgboost_mae": 14.615830821217923,
      "xgboost_mae_std": 0.24721863452307208,
      "xgboost_dk": 10.909135336432577,
      "xgboost_adm": 96.00402955003358,
      "mlp_mae": 17.03089655226329,
      "mlp_mae_std": 0.18929323312773852,
      "mlp_dk": 5.887320518493652,
      "mlp_adm": 99.65748824714574,
      "gnn_mae": 17.241185623653784,
      "gnn_mae_std": 0.22304088194257568,
      "gnn_dk": 5.6051177978515625,
      "gnn_adm": 97.42108797850906,
      "pinn_mae": 16.04362730359807,
      "pinn_mae_std": 0.30451349339791967,
      "pinn_dk": 8.142908096313477,
      "pinn_adm": 96.81665547347214,
      "hpinn_mae": 16.09114184171934,
      "hpinn_mae_std": 0.1970253085212663,
      "hpinn_dk": 8.205869674682617,
      "hpinn_adm": 96.96440564137004,
      "physics_mae": 17.057370671994626,
      "physics_mae_std": 0.27873923060643735,
      "physics_dk": 7.418215197187716,
      "physics_adm": 100.0,
      "agent_mae": 17.102348900792478,
      "agent_mae_std": 0.33666285827907944,
      "agent_dk": 7.425485733777461,
      "agent_adm": 100.0,
      "hybrid_mae": 14.613189343939856,
      "hybrid_mae_std": 0.24949975429368734,
      "hybrid_dk": 10.922301928304122,
      "hybrid_adm": 100.0,
      "dataset": "D4"
    }
  ],
  "training_info": {
    "D1": {
      "XGBoost": {
        "train_ms": 144.8671817779541,
        "n_estimators": 200,
        "converged": true
      },
      "MLP": {
        "epochs": 500,
        "plateau": false,
        "best_val_loss": 105.45210266113281,
        "train_ms": 430.54795265197754
      },
      "GNN": {
        "simulated": false,
        "epochs": 200,
        "plateau": false,
        "best_val_loss": 133.78387451171875,
        "train_ms": 1257.472038269043
      },
      "PINN": {
        "simulated": false,
        "hard": false,
        "epochs": 200,
        "plateau": false,
        "best_val_loss": 29.248132705688477,
        "train_ms": 3517.3168182373047
      },
      "H-PINN": {
        "simulated": false,
        "hard": true,
        "epochs": 200,
        "plateau": false,
        "best_val_loss": 135.40701293945312,
        "train_ms": 4670.940160751343
      }
    },
    "D2": {
      "XGBoost": {
        "train_ms": 124.09210205078125,
        "n_estimators": 200,
        "converged": true
      },
      "MLP": {
        "epochs": 500,
        "plateau": false,
        "best_val_loss": 110.68595123291016,
        "train_ms": 590.3029441833496
      },
      "GNN": {
        "simulated": false,
        "epochs": 181,
        "plateau": true,
        "best_val_loss": 107.01284790039062,
        "train_ms": 5291.912794113159
      },
      "PINN": {
        "simulated": false,
        "hard": false,
        "epochs": 200,
        "plateau": false,
        "best_val_loss": 94.5625,
        "train_ms": 16747.15280532837
      },
      "H-PINN": {
        "simulated": false,
        "hard": true,
        "epochs": 200,
        "plateau": false,
        "best_val_loss": 90.42454528808594,
        "train_ms": 20281.149864196777
      }
    },
    "D3": {
      "XGBoost": {
        "train_ms": 70.76883316040039,
        "n_estimators": 200,
        "converged": true
      },
      "MLP": {
        "epochs": 500,
        "plateau": false,
        "best_val_loss": 152.34788513183594,
        "train_ms": 447.2839832305908
      },
      "GNN": {
        "simulated": false,
        "epochs": 200,
        "plateau": false,
        "best_val_loss": 155.09457397460938,
        "train_ms": 3364.975929260254
      },
      "PINN": {
        "simulated": false,
        "hard": false,
        "epochs": 200,
        "plateau": false,
        "best_val_loss": 127.79678344726562,
        "train_ms": 9656.683921813965
      },
      "H-PINN": {
        "simulated": false,
        "hard": true,
        "epochs": 200,
        "plateau": false,
        "best_val_loss": 129.00540161132812,
        "train_ms": 11674.19695854187
      }
    },