Method,MAE,MAE_Filtered,Admissibility
DUMSTO (D1 (UCI)),1.5931957906772456,1.5931957906772456,100.0
DUMSTO (D2 (NDT)),15.116273186282458,15.116273186282458,100.0
DUMSTO (D3 (SON)),14.689885419935093,14.689885419935093,100.0
DUMSTO (D4 (RH)),17.67970237844372,17.67970237844372,100.0
